-- 运营商信息
TRUNCATE TABLE operator_info;
INSERT INTO operator_info (operator_name, country, region, network_type) VALUES
(1, '中国移动', '中国', '北京', '5G'),
(2, '中国联通', '中国', '上海', '5G'),
(3, '中国电信', '中国', '广州', '5G'),
(4, 'Deutsche Telekom', '德国', 'Germany', '5G'),
(5, 'Vodafone', '英国', 'UK', '5G'),
(6, 'Orange', '法国', 'France', '5G'),
(7, 'Telefonica', '西班牙', 'Spain', '5G'),
(8, 'BT Group', '英国', 'UK', '5G'),
(9, 'NTT Docomo', '日本', 'Japan', '5G'),
(10, 'SoftBank', '日本', 'Japan', '5G'),
(11, 'SK Telecom', '韩国', 'Korea', '5G'),
(12, 'KT Corporation', '韩国', 'Korea', '5G'),
(13, 'Singtel', '新加坡', 'Singapore', '5G'),
(14, 'Telstra', '澳大利亚', 'Australia', '5G'),
(15, 'AT&T', '美国', 'USA', '5G'),
(16, 'Verizon', '美国', 'USA', '5G'),
(17, 'T-Mobile', '美国', 'USA', '5G'),
(18, 'Rogers', '加拿大', 'Canada', '5G'),
(19, 'Claro', '墨西哥', 'Mexico', '5G'),
(20, 'Etisalat', '阿联酋', 'UAE', '5G'),
(21, 'STC', '沙特阿拉伯', 'Saudi Arabia', '5G'),
(22, 'MTN', '南非', 'South Africa', '5G');

-- 站点数据 (2026-01)
INSERT INTO site_info (operator_id, data_month, lte_700M_site, lte_700M_cell, lte_800M_site, lte_800M_cell, lte_900M_site, lte_900M_cell, lte_1400M_site, lte_1400M_cell, lte_1800M_site, lte_1800M_cell, lte_2100M_site, lte_2100M_cell, lte_2600M_site, lte_2600M_cell, nr_700M_site, nr_700M_cell, nr_800M_site, nr_800M_cell, nr_900M_site, nr_900M_cell, nr_1400M_site, nr_1400M_cell, nr_1800M_site, nr_1800M_cell, nr_2100M_site, nr_2100M_cell, nr_2600M_site, nr_2600M_cell, nr_3500M_site, nr_3500M_cell, nr_4900M_site, nr_4900M_cell) VALUES
(1, '2026-01', 52, 131, 91, 247, 218, 692, 34, 87, 77, 194, 53, 159, 32, 86, 31, 94, 44, 135, 89, 223, 22, 70, 37, 98, 35, 99, 20, 51, 68, 211, 39, 125),
(2, '2026-01', 35, 121, 66, 201, 158, 492, 24, 73, 60, 152, 37, 103, 23, 62, 17, 47, 36, 103, 53, 143, 12, 41, 29, 90, 18, 58, 15, 43, 50, 156, 25, 79),
(3, '2026-01', 42, 137, 66, 167, 138, 381, 19, 65, 69, 194, 47, 136, 34, 100, 20, 54, 38, 104, 62, 210, 14, 38, 35, 105, 18, 45, 15, 46, 50, 146, 21, 60),
(4, '2026-01', 50, 151, 101, 339, 136, 438, 27, 81, 61, 191, 43, 126, 33, 113, 29, 80, 42, 112, 79, 266, 15, 47, 35, 92, 28, 85, 23, 69, 40, 112, 24, 82),
(5, '2026-01', 46, 153, 73, 186, 184, 634, 20, 59, 52, 169, 53, 139, 31, 94, 21, 70, 38, 103, 65, 209, 14, 39, 38, 119, 23, 69, 16, 43, 44, 135, 24, 65),
(6, '2026-01', 28, 87, 62, 211, 160, 411, 18, 57, 49, 128, 49, 150, 27, 88, 23, 61, 29, 85, 54, 160, 15, 47, 33, 85, 20, 56, 20, 54, 36, 106, 23, 63),
(7, '2026-01', 29, 99, 63, 211, 132, 336, 23, 76, 61, 209, 44, 117, 25, 67, 18, 46, 30, 104, 47, 154, 12, 35, 30, 104, 19, 61, 14, 39, 46, 141, 23, 74),
(8, '2026-01', 20, 61, 50, 167, 86, 297, 12, 32, 41, 130, 26, 68, 23, 63, 15, 46, 24, 74, 40, 137, 8, 25, 17, 49, 16, 44, 11, 35, 24, 70, 20, 69),
(9, '2026-01', 37, 100, 81, 278, 207, 699, 25, 66, 81, 259, 56, 195, 38, 95, 30, 83, 47, 161, 61, 159, 15, 45, 32, 99, 29, 78, 23, 63, 53, 180, 35, 90),
(10, '2026-01', 36, 99, 60, 196, 158, 436, 24, 73, 58, 145, 37, 125, 34, 103, 25, 77, 32, 84, 55, 186, 16, 53, 34, 92, 20, 52, 20, 67, 43, 134, 22, 75),
(11, '2026-01', 48, 166, 95, 321, 137, 443, 23, 78, 76, 255, 57, 157, 37, 96, 29, 97, 37, 122, 66, 185, 19, 51, 27, 72, 23, 77, 25, 69, 53, 153, 35, 106),
(12, '2026-01', 41, 107, 83, 222, 165, 456, 17, 49, 61, 171, 43, 129, 26, 79, 18, 57, 28, 95, 56, 180, 15, 47, 26, 66, 22, 62, 16, 53, 45, 126, 22, 63),
(13, '2026-01', 28, 78, 51, 148, 141, 448, 20, 62, 44, 134, 28, 78, 23, 70, 19, 56, 29, 78, 47, 159, 13, 34, 20, 60, 18, 51, 16, 52, 38, 103, 18, 45),
(14, '2026-01', 29, 86, 74, 190, 125, 391, 17, 54, 51, 139, 41, 102, 28, 91, 16, 46, 28, 96, 52, 132, 11, 36, 25, 82, 20, 69, 16, 55, 45, 140, 24, 72),
(15, '2026-01', 53, 161, 110, 356, 188, 518, 25, 78, 84, 253, 59, 163, 31, 86, 25, 70, 48, 126, 67, 213, 20, 51, 36, 109, 27, 73, 22, 74, 58, 185, 37, 120),
(16, '2026-01', 42, 105, 84, 273, 205, 707, 26, 84, 73, 226, 47, 127, 35, 88, 25, 79, 43, 114, 71, 186, 18, 45, 34, 104, 21, 65, 19, 56, 44, 126, 27, 76),
(17, '2026-01', 46, 132, 93, 309, 153, 395, 20, 60, 81, 230, 54, 177, 36, 117, 30, 80, 34, 90, 57, 180, 17, 46, 36, 117, 22, 68, 23, 60, 57, 197, 25, 63),
(18, '2026-01', 27, 85, 70, 202, 130, 334, 19, 59, 40, 130, 41, 127, 20, 69, 20, 56, 29, 83, 48, 136, 13, 43, 20, 69, 18, 59, 16, 46, 39, 135, 19, 62),
(19, '2026-01', 27, 80, 53, 171, 99, 331, 18, 46, 50, 137, 32, 99, 20, 50, 18, 48, 24, 79, 41, 138, 11, 30, 17, 58, 13, 41, 13, 42, 35, 110, 19, 62),
(20, '2026-01', 29, 78, 75, 210, 144, 428, 21, 61, 61, 172, 45, 124, 25, 65, 18, 47, 35, 114, 48, 130, 13, 41, 33, 99, 19, 49, 15, 40, 36, 90, 24, 66),
(21, '2026-01', 38, 116, 70, 183, 149, 445, 22, 67, 51, 149, 34, 86, 30, 89, 22, 63, 26, 81, 42, 111, 13, 36, 31, 81, 21, 65, 18, 49, 39, 115, 22, 73),
(22, '2026-01', 29, 81, 52, 161, 109, 375, 13, 35, 42, 111, 26, 66, 16, 47, 15, 41, 22, 70, 43, 127, 10, 34, 22, 68, 15, 51, 12, 36, 31, 105, 19, 48);

-- 指标数据 (2026-01)
INSERT INTO indicator_info (operator_id, data_month, lte_700M_dl_rate, lte_700M_ul_rate, lte_700M_dl_prb, lte_700M_ul_prb, lte_800M_dl_rate, lte_800M_ul_rate, lte_800M_dl_prb, lte_800M_ul_prb, lte_900M_dl_rate, lte_900M_ul_rate, lte_900M_dl_prb, lte_900M_ul_prb, lte_1400M_dl_rate, lte_1400M_ul_rate, lte_1400M_dl_prb, lte_1400M_ul_prb, lte_1800M_dl_rate, lte_1800M_ul_rate, lte_1800M_dl_prb, lte_1800M_ul_prb, lte_2100M_dl_rate, lte_2100M_ul_rate, lte_2100M_dl_prb, lte_2100M_ul_prb, lte_2600M_dl_rate, lte_2600M_ul_rate, lte_2600M_dl_prb, lte_2600M_ul_prb, nr_700M_dl_rate, nr_700M_ul_rate, nr_700M_dl_prb, nr_700M_ul_prb, nr_800M_dl_rate, nr_800M_ul_rate, nr_800M_dl_prb, nr_800M_ul_prb, nr_900M_dl_rate, nr_900M_ul_rate, nr_900M_dl_prb, nr_900M_ul_prb, nr_1400M_dl_rate, nr_1400M_ul_rate, nr_1400M_dl_prb, nr_1400M_ul_prb, nr_1800M_dl_rate, nr_1800M_ul_rate, nr_1800M_dl_prb, nr_1800M_ul_prb, nr_2100M_dl_rate, nr_2100M_ul_rate, nr_2100M_dl_prb, nr_2100M_ul_prb, nr_2600M_dl_rate, nr_2600M_ul_rate, nr_2600M_dl_prb, nr_2600M_ul_prb, nr_3500M_dl_rate, nr_3500M_ul_rate, nr_3500M_dl_prb, nr_3500M_ul_prb, nr_4900M_dl_rate, nr_4900M_ul_rate, nr_4900M_dl_prb, nr_4900M_ul_prb, lte_avg_dl_rate, lte_avg_prb, nr_avg_dl_rate, nr_avg_prb, split_ratio, dwell_ratio, terminal_penetration, duration_dwell_ratio, fallback_ratio) VALUES
(1, '2026-01', 49.96, 9.03, 48.72, 49.39, 57.32, 9.31, 47.22, 49.11, 96.56, 19.32, 42.34, 38.79, 42.39, 8.19, 38.06, 36.16, 45.48, 11.2, 50.9, 51.67, 97.05, 24.26, 46.81, 44.65, 42.41, 9.57, 41.76, 43.03, 470.63, 79.14, 54.63, 56.1, 322.1, 51.25, 48.7, 47.08, 384.55, 90.67, 48.25, 50.12, 250.88, 61.35, 60.34, 60.94, 309.19, 56.1, 48.08, 52.6, 291.46, 58.72, 64.7, 66.74, 339.91, 65.03, 44.69, 43.45, 414.76, 88.15, 59.0, 55.5, 342.23, 83.08, 50.95, 52.97, 61.6, 45.12, 347.3, 53.26, 36.07, 94.33, 58.49, 70.98, 7.06),
(2, '2026-01', 66.14, 13.57, 31.63, 34.74, 81.34, 15.95, 32.06, 34.19, 63.93, 14.17, 38.91, 37.15, 78.06, 19.36, 34.27, 34.62, 59.11, 14.32, 38.89, 41.84, 79.29, 14.08, 43.83, 43.08, 82.24, 16.51, 44.36, 42.43, 238.15, 49.7, 57.48, 57.36, 201.41, 41.06, 46.04, 46.52, 298.14, 58.3, 45.63, 42.79, 335.89, 69.59, 44.09, 46.52, 175.69, 39.44, 52.34, 55.6, 259.59, 56.17, 54.36, 59.59, 286.36, 44.01, 48.79, 49.67, 378.08, 89.76, 47.71, 47.96, 276.95, 61.55, 47.17, 48.63, 72.87, 37.71, 272.25, 49.29, 37.72, 81.74, 78.31, 73.46, 14.01),
(3, '2026-01', 71.74, 16.87, 45.98, 49.28, 59.6, 10.83, 43.48, 45.74, 81.76, 12.56, 31.28, 32.1, 83.94, 20.96, 44.0, 43.42, 46.93, 10.01, 46.36, 45.84, 73.73, 17.72, 30.86, 32.69, 55.7, 10.44, 32.73, 32.93, 311.06, 71.31, 43.19, 39.55, 391.1, 82.9, 44.52, 48.2, 200.07, 39.24, 44.76, 42.57, 164.97, 38.02, 56.9, 58.92, 203.97, 39.61, 46.48, 47.29, 330.22, 63.54, 44.69, 47.78, 214.79, 40.48, 49.06, 46.48, 312.63, 64.86, 58.61, 56.21, 419.21, 90.48, 45.15, 45.75, 67.63, 39.24, 283.11, 48.15, 64.29, 88.62, 27.7, 80.16, 11.46),
(4, '2026-01', 87.61, 15.65, 46.98, 47.99, 59.47, 12.71, 43.19, 44.73, 78.27, 16.9, 47.81, 49.04, 87.57, 18.8, 36.56, 36.13, 71.06, 15.86, 31.92, 30.61, 79.62, 13.34, 32.81, 33.07, 91.05, 18.49, 49.41, 52.68, 233.95, 54.39, 50.24, 53.32, 379.6, 69.8, 42.45, 46.38, 199.38, 49.18, 58.28, 60.89, 449.03, 110.79, 57.1, 55.57, 392.73, 59.46, 51.4, 50.94, 357.67, 77.7, 52.42, 55.8, 437.24, 70.32, 44.97, 40.7, 420.56, 86.69, 59.45, 56.14, 176.31, 40.97, 59.32, 56.97, 79.24, 41.24, 338.5, 52.85, 50.41, 73.49, 77.04, 72.61, 11.4),
(5, '2026-01', 46.67, 11.14, 32.71, 32.41, 74.18, 16.64, 48.92, 48.13, 77.63, 12.84, 38.3, 35.23, 65.49, 12.5, 49.03, 44.45, 59.79, 11.62, 49.01, 52.49, 46.77, 10.22, 40.89, 44.8, 59.22, 11.24, 33.8, 31.25, 397.45, 77.69, 53.26, 54.77, 327.2, 49.78, 55.74, 52.88, 195.26, 40.31, 41.37, 43.56, 218.0, 37.41, 57.39, 55.42, 201.32, 48.33, 40.06, 42.93, 200.51, 32.68, 45.01, 42.08, 345.1, 52.65, 40.3, 42.64, 226.62, 41.33, 43.48, 39.59, 367.68, 74.5, 54.91, 54.65, 61.39, 41.81, 275.46, 47.95, 68.9, 82.83, 31.0, 77.6, 17.29),
(6, '2026-01', 44.82, 10.23, 45.17, 45.36, 62.24, 15.34, 31.06, 30.93, 59.87, 13.09, 38.58, 41.74, 46.09, 7.29, 40.65, 37.12, 54.55, 11.64, 39.6, 38.22, 84.77, 17.21, 37.94, 38.74, 47.17, 10.39, 44.92, 46.28, 353.4, 78.48, 43.76, 43.34, 220.98, 40.64, 47.94, 47.13, 188.3, 36.28, 51.64, 50.34, 202.4, 49.04, 41.17, 43.9, 187.84, 29.99, 52.93, 56.23, 301.31, 62.87, 49.83, 48.13, 194.95, 36.14, 51.64, 54.22, 377.68, 83.89, 56.95, 58.09, 251.15, 52.19, 43.72, 45.09, 57.07, 39.7, 253.11, 48.84, 41.21, 72.71, 71.5, 74.19, 14.91),
(7, '2026-01', 65.89, 15.2, 43.73, 47.88, 75.42, 15.94, 40.44, 36.61, 79.73, 18.57, 34.35, 32.15, 70.91, 12.83, 35.52, 32.01, 77.42, 16.0, 36.51, 33.89, 68.19, 10.44, 42.12, 39.72, 59.87, 11.02, 36.01, 37.61, 344.23, 71.17, 41.38, 37.68, 203.31, 43.06, 50.95, 48.63, 318.09, 63.16, 47.18, 45.04, 339.25, 54.75, 46.99, 44.95, 321.86, 63.94, 50.84, 46.22, 257.42, 54.04, 40.12, 38.53, 215.56, 35.29, 44.15, 42.63, 169.26, 38.03, 42.86, 41.83, 327.59, 65.53, 53.54, 56.82, 71.06, 38.38, 277.4, 46.45, 33.6, 91.54, 27.33, 65.47, 16.98),
(8, '2026-01', 70.86, 14.71, 37.17, 38.73, 57.53, 9.29, 30.26, 29.2, 69.04, 14.62, 40.4, 43.79, 47.64, 11.17, 33.04, 33.63, 60.72, 11.51, 33.88, 32.79, 54.99, 9.17, 36.38, 33.57, 60.3, 14.51, 34.37, 35.93, 318.32, 73.69, 42.95, 39.91, 209.52, 44.05, 49.5, 51.04, 206.0, 46.82, 46.18, 48.53, 307.98, 60.02, 51.55, 52.21, 286.18, 60.8, 50.8, 52.09, 201.42, 31.59, 45.53, 43.73, 223.07, 34.71, 46.34, 44.58, 254.08, 39.56, 50.4, 46.13, 326.24, 76.84, 47.69, 47.76, 60.15, 35.07, 259.2, 47.88, 53.14, 83.86, 68.55, 87.4, 10.85),
(9, '2026-01', 84.73, 18.23, 37.23, 37.05, 49.15, 7.68, 32.33, 34.91, 59.55, 13.19, 41.35, 38.64, 54.38, 10.54, 39.89, 40.07, 49.57, 9.28, 36.37, 35.71, 59.27, 12.43, 47.76, 49.17, 44.56, 7.11, 45.26, 43.31, 382.98, 82.59, 60.39, 64.9, 260.01, 54.15, 43.18, 41.88, 459.82, 101.09, 48.82, 49.75, 450.47, 81.52, 48.48, 51.31, 411.15, 89.22, 58.65, 61.45, 370.91, 75.16, 54.54, 53.7, 268.98, 50.1, 44.06, 41.54, 453.52, 90.08, 45.1, 41.83, 179.31, 42.04, 42.28, 44.57, 57.32, 40.03, 359.68, 49.5, 71.76, 92.09, 27.08, 73.42, 14.96),
(10, '2026-01', 48.4, 9.08, 33.04, 35.23, 77.2, 17.83, 33.1, 32.69, 60.99, 13.27, 34.45, 34.07, 55.32, 12.44, 38.42, 38.68, 56.43, 13.03, 38.79, 41.39, 59.05, 14.45, 48.46, 48.09, 55.18, 10.38, 39.89, 43.61, 376.93, 86.74, 42.59, 40.46, 330.81, 78.54, 50.4, 46.39, 384.55, 90.41, 45.34, 47.73, 234.11, 56.31, 42.76, 42.23, 410.93, 70.76, 48.46, 47.0, 169.5, 26.33, 49.41, 46.8, 423.56, 79.41, 40.53, 44.02, 382.78, 82.3, 54.84, 50.87, 237.81, 55.4, 53.05, 49.22, 58.94, 38.02, 327.89, 47.49, 65.28, 81.22, 25.29, 66.98, 8.33),
(11, '2026-01', 84.08, 17.23, 45.45, 45.7, 47.17, 8.43, 36.4, 33.11, 62.91, 14.43, 39.71, 36.62, 87.66, 18.38, 30.35, 30.44, 53.84, 8.85, 39.12, 40.02, 53.77, 10.31, 44.12, 40.46, 91.21, 14.3, 41.18, 41.24, 451.53, 92.75, 48.3, 48.01, 346.61, 86.0, 45.39, 41.0, 392.08, 72.33, 55.57, 57.0, 387.02, 86.51, 47.07, 42.78, 319.94, 74.02, 43.72, 46.16, 295.73, 64.92, 53.42, 56.75, 176.27, 40.12, 49.73, 47.68, 170.53, 28.98, 40.89, 44.43, 310.83, 77.37, 51.54, 49.0, 68.66, 39.48, 316.73, 48.4, 67.66, 74.78, 44.63, 84.52, 16.26),
(12, '2026-01', 56.94, 9.25, 36.44, 39.28, 74.22, 17.77, 36.77, 40.25, 63.84, 12.75, 46.18, 46.36, 76.65, 17.07, 31.38, 32.02, 77.54, 15.86, 35.62, 32.63, 70.76, 12.78, 40.55, 39.95, 71.97, 13.33, 30.74, 33.01, 251.38, 62.8, 44.8, 49.1, 397.24, 62.57, 51.16, 49.76, 361.27, 78.74, 56.67, 52.62, 313.86, 71.6, 40.61, 37.1, 355.74, 66.39, 46.7, 47.33, 313.25, 68.26, 56.6, 55.15, 351.96, 72.99, 49.27, 48.27, 324.14, 56.71, 41.99, 43.97, 287.27, 54.21, 49.83, 47.46, 70.27, 36.81, 328.46, 48.63, 43.01, 81.16, 79.8, 72.14, 16.91),
(13, '2026-01', 61.68, 10.01, 42.79, 42.38, 76.35, 14.85, 31.32, 32.46, 74.44, 13.55, 35.21, 32.15, 63.52, 15.19, 42.77, 44.58, 77.38, 16.54, 41.91, 41.98, 48.37, 8.23, 32.08, 33.94, 44.95, 9.23, 35.53, 37.69, 285.85, 60.37, 41.29, 39.72, 379.91, 84.3, 47.89, 50.47, 342.9, 53.96, 54.59, 56.14, 264.49, 57.66, 45.17, 48.58, 333.86, 71.44, 42.73, 46.71, 260.85, 62.88, 40.83, 37.76, 202.13, 33.65, 44.84, 46.72, 242.66, 59.23, 53.42, 57.12, 222.63, 47.53, 48.26, 44.64, 63.81, 37.37, 281.7, 46.56, 45.14, 83.34, 52.64, 69.22, 17.24),
(14, '2026-01', 49.51, 10.69, 41.71, 42.59, 76.36, 15.76, 43.41, 39.32, 45.27, 9.69, 39.37, 40.56, 73.41, 14.07, 40.38, 40.36, 67.96, 12.16, 45.55, 45.39, 74.88, 16.36, 34.83, 31.86, 45.84, 8.89, 37.87, 35.63, 305.52, 55.38, 51.67, 54.09, 363.33, 89.94, 42.12, 41.03, 295.28, 53.71, 47.58, 45.37, 223.9, 35.75, 44.72, 43.68, 307.5, 53.76, 54.06, 50.38, 241.99, 50.28, 45.08, 47.45, 280.86, 56.59, 48.1, 46.26, 172.77, 42.25, 48.21, 52.71, 216.45, 40.11, 40.82, 40.78, 61.89, 40.45, 267.51, 46.93, 74.12, 86.36, 50.88, 78.42, 16.01),
(15, '2026-01', 65.06, 15.5, 47.28, 49.78, 61.36, 11.66, 43.54, 40.88, 72.03, 11.33, 41.98, 44.2, 56.44, 14.05, 46.16, 42.64, 96.08, 18.2, 48.88, 47.31, 94.02, 21.2, 34.73, 34.79, 69.0, 10.66, 33.25, 32.14, 310.02, 60.67, 54.4, 54.57, 261.55, 55.27, 43.86, 48.16, 398.32, 71.67, 47.99, 51.14, 329.5, 72.78, 47.12, 50.1, 274.98, 59.78, 63.27, 64.33, 417.42, 92.89, 56.34, 51.01, 310.3, 76.55, 58.59, 61.83, 344.56, 76.54, 53.86, 50.31, 361.65, 76.66, 59.98, 55.75, 73.43, 42.26, 334.26, 53.93, 64.04, 70.79, 77.15, 67.75, 5.25),
(16, '2026-01', 57.94, 9.57, 45.54, 44.72, 82.85, 20.05, 49.64, 51.98, 44.36, 7.27, 34.67, 33.46, 76.76, 15.55, 37.06, 34.64, 90.25, 16.63, 37.97, 40.04, 79.93, 17.13, 45.6, 46.6, 51.38, 8.97, 42.56, 40.22, 461.47, 82.95, 46.5, 43.78, 377.07, 68.52, 47.85, 52.0, 405.55, 71.92, 42.74, 44.25, 274.6, 68.11, 58.41, 63.72, 408.45, 73.13, 46.47, 48.46, 264.1, 51.3, 45.77, 45.58, 218.65, 44.57, 60.99, 63.38, 198.24, 41.94, 53.2, 50.46, 366.0, 74.34, 54.35, 49.49, 69.07, 41.86, 330.46, 50.7, 50.67, 87.93, 30.53, 84.27, 5.07),
(17, '2026-01', 69.57, 16.9, 38.65, 42.01, 86.3, 17.07, 34.24, 37.42, 57.88, 12.42, 49.29, 45.24, 70.78, 14.4, 45.37, 49.33, 88.07, 14.75, 48.75, 45.59, 88.4, 22.07, 38.44, 38.4, 89.27, 21.98, 49.68, 53.42, 160.26, 33.14, 42.28, 46.36, 242.16, 60.28, 51.55, 51.49, 436.72, 102.68, 49.95, 46.88, 191.01, 31.76, 49.75, 47.33, 212.89, 47.62, 56.8, 57.57, 382.79, 64.14, 58.19, 62.81, 403.53, 81.32, 41.84, 43.26, 212.47, 34.86, 46.88, 44.52, 235.08, 40.8, 56.02, 61.11, 78.61, 43.49, 275.21, 50.36, 45.1, 88.07, 25.63, 81.34, 14.01),
(18, '2026-01', 46.24, 7.48, 34.6, 33.95, 62.09, 14.87, 40.55, 39.02, 48.23, 11.65, 34.43, 35.22, 51.89, 8.48, 32.3, 33.9, 65.81, 12.61, 38.24, 38.02, 63.35, 13.71, 33.28, 31.6, 71.17, 16.89, 31.23, 30.9, 317.79, 50.15, 48.46, 44.21, 285.01, 57.16, 48.59, 45.19, 238.9, 48.27, 41.74, 39.28, 292.46, 46.53, 47.66, 50.6, 265.22, 53.4, 46.85, 42.71, 267.1, 61.62, 50.85, 49.79, 341.46, 76.69, 48.67, 44.24, 242.35, 37.9, 54.91, 59.68, 184.49, 44.9, 40.48, 39.74, 58.4, 34.95, 270.53, 47.58, 68.45, 89.15, 78.81, 81.15, 10.46),
(19, '2026-01', 77.26, 14.54, 41.96, 45.37, 56.9, 12.42, 39.1, 39.41, 66.07, 12.21, 32.45, 32.69, 61.95, 13.8, 33.06, 29.78, 45.25, 8.14, 39.26, 39.61, 62.05, 14.42, 33.4, 32.37, 53.6, 13.06, 39.97, 36.88, 328.32, 63.01, 50.53, 54.41, 175.51, 29.94, 41.39, 37.53, 287.57, 63.36, 40.67, 42.63, 249.94, 43.35, 42.99, 46.12, 183.37, 36.75, 43.98, 46.76, 313.32, 56.99, 48.22, 49.88, 234.23, 42.2, 41.97, 43.31, 215.05, 38.72, 40.84, 44.5, 341.84, 82.44, 48.61, 47.9, 60.44, 37.03, 258.79, 44.36, 54.78, 94.31, 76.79, 81.78, 15.22),
(20, '2026-01', 56.39, 10.81, 32.61, 31.8, 74.69, 14.74, 44.86, 43.07, 72.72, 16.77, 46.01, 46.58, 83.65, 17.21, 32.35, 30.69, 51.54, 11.06, 46.14, 49.34, 46.88, 10.43, 33.33, 31.79, 71.29, 14.99, 45.29, 42.47, 351.62, 78.21, 49.78, 49.57, 378.02, 69.29, 56.75, 51.25, 394.6, 97.15, 42.05, 46.25, 282.34, 49.2, 50.58, 47.59, 389.21, 79.87, 53.57, 52.29, 295.74, 54.99, 44.58, 44.69, 286.83, 45.85, 57.17, 56.82, 370.73, 89.51, 46.49, 45.69, 302.82, 52.12, 42.55, 40.51, 65.31, 40.08, 339.1, 49.28, 76.74, 84.48, 47.97, 68.81, 9.29),
(21, '2026-01', 58.31, 13.61, 38.11, 39.29, 70.21, 12.34, 43.35, 47.39, 68.53, 13.64, 32.73, 34.66, 50.1, 11.12, 37.94, 41.1, 64.64, 13.84, 30.95, 28.06, 76.52, 18.71, 40.86, 43.02, 59.58, 13.96, 33.76, 35.16, 169.58, 34.01, 46.06, 47.15, 319.19, 67.56, 47.85, 47.73, 169.0, 34.67, 40.19, 40.43, 230.0, 56.98, 40.28, 42.8, 320.84, 73.99, 54.78, 50.47, 189.41, 31.23, 43.12, 43.35, 352.96, 62.38, 46.45, 45.27, 259.87, 53.66, 56.09, 53.01, 323.12, 75.86, 50.62, 54.25, 63.98, 36.81, 259.33, 47.27, 67.98, 72.34, 45.86, 78.82, 5.73),
(22, '2026-01', 45.28, 7.57, 36.25, 35.77, 68.53, 14.16, 40.72, 37.42, 60.84, 9.38, 32.64, 35.04, 71.63, 14.15, 30.58, 27.98, 72.77, 17.46, 37.04, 33.58, 72.86, 13.22, 42.02, 42.75, 67.57, 14.95, 34.98, 32.02, 203.43, 35.41, 50.43, 49.31, 331.89, 60.79, 49.45, 45.89, 347.98, 77.4, 46.26, 50.65, 184.4, 35.72, 50.48, 48.87, 309.58, 76.0, 44.96, 47.42, 180.18, 31.95, 52.41, 52.31, 237.27, 57.92, 45.4, 47.03, 290.62, 46.08, 47.73, 50.58, 299.79, 47.43, 41.93, 43.71, 65.64, 36.32, 265.02, 47.67, 61.7, 88.49, 42.42, 67.66, 5.07);

-- 站点数据 (2026-02)
INSERT INTO site_info (operator_id, data_month, lte_700M_site, lte_700M_cell, lte_800M_site, lte_800M_cell, lte_900M_site, lte_900M_cell, lte_1400M_site, lte_1400M_cell, lte_1800M_site, lte_1800M_cell, lte_2100M_site, lte_2100M_cell, lte_2600M_site, lte_2600M_cell, nr_700M_site, nr_700M_cell, nr_800M_site, nr_800M_cell, nr_900M_site, nr_900M_cell, nr_1400M_site, nr_1400M_cell, nr_1800M_site, nr_1800M_cell, nr_2100M_site, nr_2100M_cell, nr_2600M_site, nr_2600M_cell, nr_3500M_site, nr_3500M_cell, nr_4900M_site, nr_4900M_cell) VALUES
(1, '2026-02', 46, 131, 90, 236, 174, 513, 30, 87, 64, 182, 50, 154, 37, 106, 27, 77, 41, 139, 92, 319, 20, 53, 38, 100, 27, 80, 20, 58, 58, 173, 29, 79),
(2, '2026-02', 31, 96, 72, 194, 117, 328, 24, 67, 58, 191, 39, 110, 31, 104, 24, 63, 32, 110, 49, 137, 16, 55, 25, 79, 20, 61, 15, 43, 47, 135, 20, 61),
(3, '2026-02', 38, 115, 80, 244, 177, 524, 24, 70, 54, 172, 50, 164, 28, 83, 23, 63, 39, 125, 66, 169, 17, 50, 28, 84, 26, 82, 19, 62, 42, 142, 26, 81),
(4, '2026-02', 35, 114, 90, 256, 179, 455, 30, 95, 65, 211, 60, 175, 27, 74, 25, 75, 43, 132, 66, 190, 18, 55, 34, 96, 20, 52, 20, 69, 43, 147, 25, 70),
(5, '2026-02', 39, 105, 79, 235, 156, 498, 22, 61, 71, 185, 54, 169, 34, 90, 28, 76, 34, 90, 65, 224, 14, 40, 27, 84, 23, 58, 20, 53, 49, 141, 30, 81),
(6, '2026-02', 38, 125, 57, 148, 160, 429, 19, 56, 50, 168, 42, 131, 29, 90, 21, 59, 39, 121, 63, 201, 12, 37, 23, 60, 17, 47, 15, 47, 42, 122, 20, 57),
(7, '2026-02', 28, 87, 70, 220, 155, 473, 19, 50, 48, 141, 32, 91, 20, 52, 21, 72, 32, 95, 55, 160, 14, 41, 21, 53, 21, 58, 14, 42, 33, 97, 24, 78),
(8, '2026-02', 25, 65, 42, 137, 112, 321, 16, 40, 43, 130, 35, 91, 22, 71, 13, 45, 24, 68, 45, 132, 11, 36, 17, 56, 15, 42, 13, 40, 25, 65, 15, 40),
(9, '2026-02', 37, 105, 82, 249, 167, 535, 24, 66, 82, 285, 57, 147, 42, 137, 31, 108, 51, 133, 82, 225, 19, 63, 39, 123, 26, 80, 20, 58, 52, 162, 36, 93),
(10, '2026-02', 37, 102, 88, 252, 177, 500, 18, 58, 65, 210, 44, 139, 28, 71, 22, 59, 36, 97, 54, 179, 14, 43, 30, 89, 21, 66, 15, 38, 50, 147, 22, 73),
(11, '2026-02', 41, 102, 100, 270, 182, 479, 27, 71, 79, 219, 54, 148, 32, 108, 22, 63, 39, 124, 60, 189, 18, 45, 33, 86, 22, 69, 17, 54, 57, 198, 28, 73),
(12, '2026-02', 28, 80, 76, 197, 129, 436, 17, 55, 61, 160, 50, 132, 28, 70, 22, 64, 38, 118, 48, 139, 15, 50, 23, 59, 23, 71, 16, 55, 38, 100, 22, 56),
(13, '2026-02', 30, 93, 62, 203, 129, 431, 19, 53, 48, 144, 39, 109, 19, 64, 21, 62, 25, 74, 49, 148, 14, 48, 28, 73, 20, 61, 14, 44, 39, 134, 23, 57),
(14, '2026-02', 26, 71, 53, 135, 145, 435, 20, 60, 50, 160, 32, 97, 27, 74, 18, 54, 28, 92, 52, 150, 13, 43, 27, 69, 21, 67, 18, 46, 32, 93, 22, 68),
(15, '2026-02', 43, 139, 104, 272, 205, 656, 24, 82, 76, 249, 62, 165, 32, 104, 25, 84, 52, 131, 85, 235, 15, 48, 39, 100, 27, 77, 23, 70, 53, 146, 27, 82),
(16, '2026-02', 49, 133, 90, 228, 206, 565, 26, 74, 61, 209, 61, 186, 41, 132, 26, 73, 43, 138, 65, 167, 17, 51, 41, 109, 30, 104, 26, 66, 53, 147, 35, 98),
(17, '2026-02', 43, 107, 74, 226, 156, 487, 25, 77, 67, 219, 44, 149, 37, 101, 20, 58, 37, 105, 77, 260, 20, 50, 36, 120, 27, 70, 21, 57, 50, 127, 35, 112),
(18, '2026-02', 25, 85, 69, 208, 129, 370, 21, 54, 40, 105, 40, 102, 24, 70, 21, 57, 27, 76, 53, 169, 13, 36, 21, 54, 15, 49, 15, 39, 31, 91, 20, 60),
(19, '2026-02', 32, 86, 50, 138, 93, 247, 17, 56, 47, 119, 37, 104, 18, 49, 15, 45, 29, 80, 52, 131, 10, 29, 24, 65, 16, 52, 11, 27, 37, 128, 16, 53),
(20, '2026-02', 33, 103, 74, 228, 126, 417, 16, 41, 65, 191, 35, 119, 31, 87, 17, 50, 30, 92, 63, 182, 11, 35, 24, 65, 18, 50, 20, 50, 44, 120, 22, 64),
(21, '2026-02', 33, 84, 59, 155, 114, 385, 19, 59, 58, 191, 46, 150, 24, 73, 19, 64, 32, 92, 45, 126, 11, 37, 28, 71, 23, 69, 17, 59, 46, 119, 24, 66),
(22, '2026-02', 28, 95, 41, 143, 88, 294, 16, 45, 45, 150, 26, 80, 22, 70, 17, 42, 27, 93, 41, 125, 8, 27, 23, 68, 13, 38, 10, 27, 26, 78, 14, 47);

-- 指标数据 (2026-02)
INSERT INTO indicator_info (operator_id, data_month, lte_700M_dl_rate, lte_700M_ul_rate, lte_700M_dl_prb, lte_700M_ul_prb, lte_800M_dl_rate, lte_800M_ul_rate, lte_800M_dl_prb, lte_800M_ul_prb, lte_900M_dl_rate, lte_900M_ul_rate, lte_900M_dl_prb, lte_900M_ul_prb, lte_1400M_dl_rate, lte_1400M_ul_rate, lte_1400M_dl_prb, lte_1400M_ul_prb, lte_1800M_dl_rate, lte_1800M_ul_rate, lte_1800M_dl_prb, lte_1800M_ul_prb, lte_2100M_dl_rate, lte_2100M_ul_rate, lte_2100M_dl_prb, lte_2100M_ul_prb, lte_2600M_dl_rate, lte_2600M_ul_rate, lte_2600M_dl_prb, lte_2600M_ul_prb, nr_700M_dl_rate, nr_700M_ul_rate, nr_700M_dl_prb, nr_700M_ul_prb, nr_800M_dl_rate, nr_800M_ul_rate, nr_800M_dl_prb, nr_800M_ul_prb, nr_900M_dl_rate, nr_900M_ul_rate, nr_900M_dl_prb, nr_900M_ul_prb, nr_1400M_dl_rate, nr_1400M_ul_rate, nr_1400M_dl_prb, nr_1400M_ul_prb, nr_1800M_dl_rate, nr_1800M_ul_rate, nr_1800M_dl_prb, nr_1800M_ul_prb, nr_2100M_dl_rate, nr_2100M_ul_rate, nr_2100M_dl_prb, nr_2100M_ul_prb, nr_2600M_dl_rate, nr_2600M_ul_rate, nr_2600M_dl_prb, nr_2600M_ul_prb, nr_3500M_dl_rate, nr_3500M_ul_rate, nr_3500M_dl_prb, nr_3500M_ul_prb, nr_4900M_dl_rate, nr_4900M_ul_rate, nr_4900M_dl_prb, nr_4900M_ul_prb, lte_avg_dl_rate, lte_avg_prb, nr_avg_dl_rate, nr_avg_prb, split_ratio, dwell_ratio, terminal_penetration, duration_dwell_ratio, fallback_ratio) VALUES
(1, '2026-02', 52.09, 8.49, 47.92, 51.93, 90.66, 16.53, 30.55, 31.08, 95.03, 21.61, 51.16, 54.85, 97.63, 18.29, 53.55, 52.43, 46.06, 8.3, 33.41, 31.12, 96.92, 22.21, 54.02, 55.63, 50.45, 12.45, 47.34, 51.4, 425.45, 73.32, 54.72, 51.17, 257.39, 56.33, 43.18, 45.16, 482.08, 118.05, 49.79, 54.71, 487.81, 74.75, 55.06, 59.7, 488.64, 84.09, 54.14, 58.87, 199.23, 44.73, 45.95, 50.38, 208.76, 49.8, 42.22, 43.98, 373.69, 89.19, 51.17, 48.77, 237.34, 37.21, 46.42, 42.78, 75.55, 45.42, 351.15, 49.18, 30.06, 79.65, 65.29, 89.23, 16.5),
(2, '2026-02', 63.71, 11.97, 39.56, 36.41, 63.14, 14.93, 41.39, 42.94, 49.83, 7.84, 44.8, 42.96, 56.39, 13.82, 31.3, 29.23, 58.77, 13.12, 39.57, 42.72, 46.91, 9.82, 40.74, 40.6, 44.3, 10.82, 32.89, 35.45, 203.49, 32.58, 43.6, 40.9, 335.81, 74.62, 52.77, 50.29, 233.97, 40.65, 40.87, 41.46, 370.76, 61.31, 46.31, 45.64, 237.16, 51.27, 50.5, 47.47, 171.31, 28.62, 45.11, 41.34, 371.72, 67.22, 46.96, 46.86, 326.95, 52.02, 49.52, 46.4, 381.95, 71.4, 47.8, 45.54, 54.72, 38.61, 292.57, 47.05, 53.25, 75.66, 39.77, 66.54, 14.78),
(3, '2026-02', 72.54, 11.5, 36.45, 36.75, 86.18, 18.01, 40.38, 43.13, 79.33, 15.22, 40.04, 42.98, 63.87, 15.21, 38.93, 35.65, 83.12, 18.41, 39.41, 42.57, 78.52, 17.1, 41.63, 38.47, 76.57, 12.81, 48.46, 53.04, 374.72, 60.94, 47.94, 52.62, 276.79, 69.12, 51.76, 55.22, 230.2, 55.5, 57.14, 52.19, 264.38, 50.16, 46.11, 44.05, 282.77, 67.11, 54.75, 56.1, 299.67, 57.52, 47.77, 44.41, 316.83, 71.55, 57.62, 62.52, 310.2, 49.66, 45.36, 45.68, 252.77, 48.3, 47.18, 47.04, 77.16, 40.76, 289.81, 50.63, 60.45, 70.94, 40.15, 68.6, 12.91),
(4, '2026-02', 76.88, 11.83, 48.9, 47.25, 53.62, 12.04, 49.57, 53.51, 42.53, 9.86, 36.44, 34.84, 66.57, 14.62, 32.09, 34.46, 48.35, 11.96, 39.42, 41.99, 55.24, 10.59, 43.72, 40.99, 52.28, 12.15, 45.75, 48.12, 415.49, 96.44, 50.95, 47.47, 250.06, 50.18, 42.88, 45.89, 419.1, 64.08, 44.1, 47.04, 406.5, 71.12, 49.7, 53.86, 367.13, 65.13, 57.5, 57.56, 346.53, 56.27, 40.65, 39.61, 334.23, 56.07, 58.5, 59.52, 261.55, 43.51, 59.01, 61.95, 362.43, 64.7, 48.21, 44.96, 56.5, 42.27, 351.45, 50.17, 58.61, 94.12, 72.14, 81.18, 13.81),
(5, '2026-02', 54.92, 10.49, 30.4, 32.1, 78.84, 11.9, 48.23, 49.65, 70.85, 10.69, 35.05, 37.19, 56.66, 13.98, 42.85, 42.2, 60.07, 11.11, 35.04, 34.81, 74.51, 17.32, 37.94, 34.92, 66.55, 14.39, 46.87, 45.69, 341.26, 71.97, 45.97, 42.37, 177.87, 44.26, 52.81, 56.63, 233.12, 51.55, 57.85, 55.52, 201.98, 45.76, 57.99, 61.53, 384.66, 80.78, 53.21, 55.13, 361.96, 78.02, 59.95, 57.07, 277.2, 52.34, 40.71, 42.4, 320.17, 54.11, 54.53, 51.5, 309.7, 70.76, 58.13, 60.13, 66.06, 39.48, 289.77, 53.46, 55.37, 91.14, 71.24, 86.91, 7.35),
(6, '2026-02', 47.1, 7.67, 34.53, 36.66, 75.04, 12.63, 41.89, 40.51, 46.75, 8.67, 43.02, 41.36, 76.1, 13.94, 34.56, 33.14, 78.75, 15.52, 45.16, 45.91, 82.66, 12.99, 45.56, 45.56, 79.43, 14.95, 35.22, 32.08, 374.29, 61.28, 43.51, 42.72, 304.5, 73.28, 48.01, 46.25, 340.34, 77.56, 48.53, 49.8, 208.32, 44.47, 40.08, 38.26, 351.49, 58.65, 53.38, 53.27, 352.07, 55.91, 50.75, 52.1, 263.83, 65.04, 46.71, 42.39, 213.86, 40.06, 40.25, 38.82, 369.14, 62.41, 51.84, 53.15, 69.4, 39.99, 308.65, 47.01, 42.44, 87.34, 43.94, 68.22, 9.99),
(7, '2026-02', 66.46, 11.08, 43.39, 41.64, 54.84, 12.22, 39.69, 38.4, 78.13, 19.5, 35.57, 38.43, 57.51, 9.71, 45.41, 49.21, 59.23, 10.24, 41.82, 38.74, 72.13, 15.07, 32.75, 31.88, 68.87, 10.59, 44.24, 42.08, 289.15, 44.78, 56.16, 57.98, 316.19, 48.05, 51.21, 50.36, 254.01, 52.0, 47.71, 44.4, 325.66, 69.38, 44.89, 46.34, 318.21, 56.32, 49.84, 46.22, 356.47, 57.21, 51.68, 47.73, 193.44, 31.07, 43.23, 40.63, 227.33, 45.99, 43.28, 45.04, 234.69, 36.13, 48.07, 45.26, 65.31, 40.41, 279.46, 48.45, 76.66, 78.27, 25.15, 81.79, 16.79),
(8, '2026-02', 70.06, 15.2, 31.86, 29.25, 60.35, 13.42, 31.27, 29.74, 51.93, 12.92, 33.7, 33.46, 47.99, 8.04, 30.49, 29.21, 69.05, 12.52, 39.23, 36.05, 67.75, 10.47, 40.65, 41.98, 50.12, 9.31, 35.47, 36.33, 328.73, 52.37, 50.19, 47.01, 245.14, 60.36, 43.4, 42.41, 323.87, 74.49, 48.11, 50.97, 194.78, 42.78, 40.73, 44.33, 202.89, 38.87, 47.38, 50.24, 293.72, 49.38, 44.75, 43.48, 180.04, 39.33, 50.48, 55.26, 197.86, 47.89, 41.41, 40.68, 183.05, 32.25, 43.93, 45.73, 59.61, 34.67, 238.9, 45.6, 63.9, 89.19, 56.72, 79.13, 17.71),
(9, '2026-02', 77.17, 14.19, 41.77, 43.45, 46.14, 9.97, 35.59, 34.49, 77.52, 14.61, 48.88, 49.45, 94.34, 14.67, 44.48, 41.43, 86.84, 20.42, 49.56, 45.35, 67.55, 11.76, 51.83, 47.17, 53.03, 11.37, 39.07, 37.0, 299.61, 68.95, 50.08, 53.65, 295.83, 47.89, 51.19, 52.76, 187.33, 35.82, 52.54, 47.29, 183.63, 38.64, 53.93, 51.82, 315.13, 53.79, 55.11, 60.07, 269.45, 41.88, 45.02, 44.61, 331.45, 70.26, 50.65, 52.24, 380.51, 61.42, 57.08, 53.9, 262.53, 61.17, 61.7, 59.13, 71.8, 44.45, 280.61, 53.03, 56.1, 87.55, 27.52, 69.1, 6.83),
(10, '2026-02', 74.76, 16.61, 32.01, 32.72, 50.94, 12.38, 37.37, 37.05, 77.66, 17.22, 32.02, 31.47, 84.2, 19.68, 41.04, 43.27, 62.77, 13.55, 47.93, 44.43, 64.95, 13.19, 30.91, 33.6, 80.25, 15.91, 39.53, 42.86, 209.02, 43.45, 53.7, 49.71, 264.19, 55.49, 56.55, 56.6, 263.47, 65.33, 57.17, 60.17, 234.32, 57.73, 58.2, 57.65, 197.51, 37.78, 53.13, 55.77, 240.96, 53.05, 56.14, 58.52, 408.07, 87.02, 43.77, 44.86, 238.78, 44.06, 52.61, 57.67, 333.15, 81.9, 49.45, 51.37, 70.79, 37.26, 265.5, 53.41, 46.12, 72.89, 44.37, 77.01, 12.42),
(11, '2026-02', 75.53, 14.48, 45.89, 49.02, 56.08, 13.16, 47.18, 47.39, 42.79, 7.04, 44.24, 41.58, 79.76, 13.25, 36.09, 34.29, 84.31, 18.47, 36.27, 38.11, 43.15, 9.99, 32.18, 34.55, 79.21, 18.73, 45.78, 46.34, 228.18, 52.12, 56.97, 54.55, 355.19, 86.19, 48.24, 52.65, 447.81, 81.17, 51.73, 46.69, 232.27, 49.25, 56.59, 60.78, 404.42, 97.53, 54.97, 56.59, 382.14, 78.21, 52.82, 55.74, 444.38, 79.73, 43.77, 45.37, 213.13, 35.67, 50.92, 49.67, 284.98, 58.61, 42.76, 43.48, 65.83, 41.09, 332.5, 50.97, 42.75, 78.26, 64.03, 68.87, 7.0),
(12, '2026-02', 56.55, 8.77, 46.32, 47.39, 70.8, 14.09, 40.02, 38.88, 75.93, 13.8, 33.85, 31.71, 45.86, 9.2, 37.28, 37.56, 46.86, 8.07, 33.73, 32.6, 58.15, 9.99, 43.17, 43.43, 84.86, 19.72, 47.17, 42.54, 328.89, 63.99, 55.83, 57.1, 317.18, 77.99, 51.94, 50.08, 389.4, 95.21, 46.75, 47.13, 234.29, 56.5, 54.39, 53.03, 361.69, 70.37, 40.77, 44.02, 212.17, 42.73, 56.59, 52.83, 399.29, 81.37, 40.13, 36.64, 329.23, 74.85, 55.14, 54.3, 190.46, 38.81, 52.3, 57.28, 62.72, 40.22, 306.96, 50.43, 68.76, 86.16, 76.69, 83.67, 7.0),
(13, '2026-02', 60.53, 11.09, 31.31, 28.52, 72.59, 14.94, 38.62, 36.52, 53.31, 10.07, 39.45, 38.92, 44.61, 9.7, 38.02, 39.1, 66.26, 14.95, 38.78, 40.34, 46.61, 11.32, 31.59, 33.4, 54.85, 8.7, 41.48, 40.96, 252.97, 54.66, 47.11, 47.43, 198.64, 37.56, 51.96, 52.44, 371.63, 61.1, 50.16, 54.31, 336.95, 75.12, 45.6, 49.7, 286.24, 58.82, 41.85, 37.71, 295.3, 60.16, 54.2, 52.08, 327.14, 78.63, 45.16, 44.37, 305.65, 61.51, 42.41, 40.04, 345.3, 58.51, 42.72, 45.28, 56.97, 37.04, 302.2, 46.8, 72.61, 91.28, 76.28, 89.86, 11.0),
(14, '2026-02', 64.94, 11.63, 31.09, 28.59, 71.8, 14.27, 35.38, 32.75, 69.06, 11.05, 40.07, 43.28, 55.89, 10.9, 40.02, 38.46, 66.28, 13.69, 35.92, 34.6, 60.2, 9.06, 34.0, 32.11, 72.35, 14.01, 43.65, 40.46, 334.25, 79.48, 47.52, 46.18, 236.99, 48.62, 42.86, 43.77, 359.01, 84.68, 42.28, 42.61, 227.39, 54.26, 41.24, 37.74, 171.74, 34.47, 40.51, 41.17, 259.67, 54.27, 54.73, 55.29, 291.14, 72.75, 47.67, 50.29, 250.72, 43.21, 52.55, 55.0, 233.7, 45.92, 48.29, 47.29, 65.79, 37.16, 262.73, 46.41, 55.11, 86.57, 71.64, 85.16, 12.98),
(15, '2026-02', 49.95, 10.06, 40.6, 37.99, 94.58, 20.42, 52.98, 55.48, 68.06, 12.65, 35.2, 35.11, 44.08, 8.24, 31.02, 29.2, 92.24, 17.17, 41.15, 40.78, 43.15, 10.7, 37.7, 39.24, 70.22, 16.36, 49.83, 47.47, 333.5, 55.82, 55.52, 54.02, 369.73, 86.35, 52.27, 50.98, 454.16, 91.58, 48.38, 51.94, 314.38, 62.31, 54.35, 54.37, 198.71, 33.1, 41.83, 43.03, 222.83, 37.59, 48.6, 50.71, 191.84, 33.19, 59.27, 61.88, 312.6, 61.86, 45.0, 41.95, 429.59, 65.4, 41.02, 41.62, 66.04, 41.21, 314.15, 49.58, 38.06, 85.74, 27.16, 79.31, 5.73),
(16, '2026-02', 54.95, 9.23, 51.56, 52.58, 71.43, 10.85, 46.19, 47.68, 56.31, 8.93, 40.11, 44.06, 87.83, 14.67, 48.68, 49.66, 83.91, 19.47, 34.09, 35.18, 55.28, 12.3, 37.71, 37.36, 72.89, 12.61, 38.67, 35.64, 218.74, 51.61, 51.35, 50.53, 202.11, 32.26, 50.71, 51.87, 167.3, 38.21, 51.32, 47.39, 306.91, 50.04, 53.58, 57.09, 437.55, 99.54, 54.61, 54.85, 271.67, 41.93, 51.92, 49.11, 407.72, 93.35, 48.58, 49.45, 388.54, 87.87, 55.68, 51.2, 197.17, 38.98, 45.23, 48.48, 68.94, 42.43, 288.63, 51.44, 44.16, 91.92, 47.48, 69.73, 14.22),
(17, '2026-02', 81.76, 16.99, 32.5, 29.3, 74.88, 16.38, 36.71, 35.7, 49.39, 10.63, 35.39, 37.9, 63.1, 11.77, 35.86, 37.16, 80.0, 15.31, 46.66, 46.5, 60.38, 12.41, 35.39, 34.02, 59.06, 13.03, 45.64, 48.88, 353.64, 79.49, 49.49, 51.46, 205.63, 35.25, 48.51, 46.94, 321.3, 70.59, 55.02, 51.29, 444.46, 66.9, 41.94, 38.97, 432.94, 83.79, 41.36, 39.06, 181.31, 27.88, 48.17, 52.84, 340.15, 68.74, 55.12, 56.19, 438.85, 101.82, 53.61, 52.96, 217.51, 46.91, 57.08, 54.64, 66.94, 38.31, 326.2, 50.03, 31.68, 84.99, 53.37, 70.79, 7.2),
(18, '2026-02', 45.3, 7.88, 30.0, 27.94, 79.89, 18.21, 35.3, 34.56, 65.1, 13.14, 41.05, 37.51, 47.25, 8.43, 42.45, 45.97, 56.53, 13.92, 34.15, 34.88, 51.0, 12.39, 38.62, 36.77, 58.66, 9.42, 31.09, 29.81, 368.87, 84.95, 54.35, 58.44, 340.76, 70.7, 50.41, 55.11, 288.27, 65.44, 51.36, 56.1, 266.36, 52.23, 48.8, 44.19, 194.42, 30.48, 49.5, 54.39, 312.15, 54.0, 44.74, 48.82, 278.47, 42.04, 52.48, 49.84, 189.53, 41.2, 52.32, 47.88, 365.59, 72.26, 45.3, 48.87, 57.68, 36.09, 289.38, 49.92, 43.45, 93.68, 62.57, 87.75, 11.49),
(19, '2026-02', 51.09, 11.42, 42.0, 39.54, 51.19, 8.96, 38.51, 35.86, 48.02, 11.62, 39.29, 40.57, 64.76, 14.66, 37.45, 34.02, 60.42, 12.81, 36.77, 40.34, 74.1, 17.55, 36.75, 40.31, 74.73, 13.3, 33.05, 33.56, 182.92, 42.06, 46.58, 46.96, 269.23, 50.98, 49.44, 46.22, 360.48, 79.24, 46.33, 48.08, 174.78, 29.9, 47.99, 46.31, 290.46, 51.11, 47.54, 45.04, 263.23, 55.62, 45.03, 45.02, 213.03, 46.88, 45.12, 48.32, 226.33, 38.02, 41.8, 42.43, 216.5, 34.64, 43.71, 41.4, 60.62, 37.69, 244.11, 45.95, 51.61, 79.52, 33.02, 88.98, 6.94),
(20, '2026-02', 76.84, 12.88, 38.74, 42.58, 78.67, 15.87, 42.61, 45.04, 55.6, 11.47, 39.94, 39.13, 72.0, 11.23, 44.24, 44.03, 69.45, 13.54, 35.86, 34.86, 66.53, 16.18, 34.51, 31.2, 48.09, 11.38, 46.85, 44.03, 306.09, 65.78, 43.05, 45.46, 252.0, 54.76, 48.53, 50.83, 382.96, 72.04, 45.01, 46.2, 200.49, 33.43, 54.14, 52.38, 319.66, 66.22, 54.86, 50.16, 204.69, 35.37, 45.55, 43.65, 230.53, 49.44, 44.75, 44.26, 376.39, 70.13, 50.27, 54.95, 266.43, 44.86, 40.4, 42.24, 66.74, 40.39, 282.14, 47.4, 63.1, 93.51, 63.54, 67.0, 7.17),
(21, '2026-02', 47.52, 7.43, 44.28, 44.71, 44.53, 8.45, 42.43, 38.89, 53.74, 8.9, 40.64, 43.77, 55.57, 9.71, 34.62, 35.5, 48.62, 11.37, 30.46, 31.46, 77.05, 14.06, 37.74, 41.33, 64.58, 11.45, 37.23, 40.73, 326.21, 54.71, 49.71, 51.01, 312.16, 64.43, 48.51, 49.86, 237.95, 43.95, 48.77, 51.74, 268.02, 50.01, 44.22, 42.48, 167.52, 38.79, 53.78, 52.1, 274.24, 41.36, 54.98, 59.89, 276.03, 41.66, 46.99, 45.04, 220.1, 33.17, 46.07, 45.26, 295.03, 55.9, 42.65, 44.67, 55.94, 38.2, 264.14, 48.41, 49.49, 79.46, 39.46, 75.56, 8.11),
(22, '2026-02', 67.94, 16.37, 40.09, 41.57, 53.54, 12.01, 40.11, 39.41, 70.6, 11.88, 33.62, 34.54, 63.53, 11.26, 37.78, 35.42, 45.58, 7.06, 36.69, 34.39, 48.07, 8.5, 38.94, 40.71, 51.98, 8.58, 36.17, 35.03, 229.53, 52.78, 52.47, 52.09, 313.5, 57.38, 50.54, 55.11, 184.81, 42.06, 40.89, 40.65, 208.63, 48.85, 50.22, 53.52, 196.34, 44.53, 43.11, 45.45, 252.52, 56.5, 40.42, 40.1, 309.92, 62.64, 52.28, 52.0, 294.25, 53.32, 44.04, 45.18, 182.38, 44.45, 46.51, 44.22, 57.32, 37.63, 241.32, 46.72, 61.93, 74.97, 73.81, 86.59, 7.83);

-- 站点数据 (2026-03)
INSERT INTO site_info (operator_id, data_month, lte_700M_site, lte_700M_cell, lte_800M_site, lte_800M_cell, lte_900M_site, lte_900M_cell, lte_1400M_site, lte_1400M_cell, lte_1800M_site, lte_1800M_cell, lte_2100M_site, lte_2100M_cell, lte_2600M_site, lte_2600M_cell, nr_700M_site, nr_700M_cell, nr_800M_site, nr_800M_cell, nr_900M_site, nr_900M_cell, nr_1400M_site, nr_1400M_cell, nr_1800M_site, nr_1800M_cell, nr_2100M_site, nr_2100M_cell, nr_2600M_site, nr_2600M_cell, nr_3500M_site, nr_3500M_cell, nr_4900M_site, nr_4900M_cell) VALUES
(1, '2026-03', 42, 131, 92, 245, 182, 476, 33, 82, 65, 213, 59, 182, 37, 95, 25, 64, 52, 178, 95, 296, 16, 50, 43, 141, 25, 68, 29, 95, 66, 218, 34, 91),
(2, '2026-03', 37, 105, 59, 200, 139, 408, 19, 60, 49, 131, 39, 126, 25, 83, 24, 73, 28, 74, 51, 140, 13, 32, 29, 83, 18, 45, 19, 62, 37, 119, 26, 79),
(3, '2026-03', 35, 105, 74, 225, 156, 440, 23, 60, 60, 154, 51, 134, 34, 91, 22, 57, 38, 126, 63, 190, 16, 44, 28, 86, 18, 61, 16, 47, 52, 134, 29, 74),
(4, '2026-03', 43, 147, 82, 235, 184, 611, 23, 58, 56, 157, 60, 207, 28, 90, 25, 67, 42, 115, 71, 190, 18, 52, 28, 87, 24, 71, 22, 74, 44, 117, 28, 79),
(5, '2026-03', 34, 118, 78, 222, 148, 516, 22, 63, 70, 205, 52, 161, 32, 86, 26, 89, 36, 124, 62, 179, 17, 59, 33, 99, 28, 78, 18, 48, 54, 136, 31, 98),
(6, '2026-03', 31, 94, 71, 243, 120, 304, 19, 50, 53, 163, 37, 122, 23, 66, 24, 77, 38, 125, 48, 159, 15, 46, 32, 99, 19, 61, 18, 46, 34, 111, 23, 76),
(7, '2026-03', 31, 104, 74, 201, 137, 425, 15, 49, 49, 137, 31, 94, 22, 66, 17, 43, 35, 101, 50, 154, 13, 35, 23, 66, 16, 41, 16, 40, 37, 95, 22, 72),
(8, '2026-03', 21, 55, 51, 152, 106, 285, 15, 48, 35, 90, 33, 93, 23, 59, 16, 46, 23, 64, 41, 103, 9, 31, 20, 69, 14, 37, 10, 33, 26, 74, 19, 63),
(9, '2026-03', 38, 97, 106, 363, 206, 683, 21, 67, 60, 177, 43, 116, 36, 97, 27, 74, 44, 142, 61, 195, 14, 43, 38, 96, 23, 64, 25, 77, 44, 138, 25, 72),
(10, '2026-03', 34, 113, 79, 265, 121, 407, 23, 62, 57, 198, 37, 104, 34, 103, 19, 57, 36, 123, 48, 131, 15, 42, 28, 74, 21, 59, 19, 51, 53, 159, 29, 90),
(11, '2026-03', 48, 162, 95, 240, 173, 480, 21, 71, 72, 186, 48, 166, 35, 109, 22, 60, 36, 124, 79, 223, 17, 46, 29, 88, 28, 94, 19, 60, 51, 134, 35, 121),
(12, '2026-03', 30, 102, 81, 228, 143, 493, 17, 47, 64, 206, 46, 155, 27, 78, 20, 68, 40, 137, 50, 163, 11, 29, 30, 93, 19, 58, 15, 40, 45, 128, 26, 77),
(13, '2026-03', 30, 93, 65, 186, 136, 406, 15, 40, 39, 127, 29, 80, 23, 74, 21, 68, 24, 82, 57, 191, 11, 31, 23, 63, 17, 43, 16, 46, 33, 102, 23, 71),
(14, '2026-03', 32, 108, 72, 217, 127, 422, 15, 52, 52, 150, 42, 128, 26, 81, 15, 41, 31, 86, 58, 171, 12, 37, 21, 63, 16, 53, 15, 48, 32, 104, 26, 83),
(15, '2026-03', 40, 116, 93, 249, 196, 629, 25, 73, 68, 217, 66, 217, 41, 107, 24, 70, 44, 133, 72, 236, 19, 65, 36, 103, 31, 105, 24, 75, 49, 165, 28, 89),
(16, '2026-03', 43, 120, 99, 291, 189, 494, 23, 62, 75, 206, 53, 177, 36, 90, 31, 84, 46, 136, 69, 177, 18, 49, 36, 112, 27, 89, 18, 47, 57, 144, 35, 110),
(17, '2026-03', 48, 134, 99, 252, 164, 439, 27, 83, 73, 225, 56, 149, 33, 101, 29, 75, 39, 111, 64, 164, 16, 48, 31, 81, 27, 74, 21, 63, 54, 168, 25, 80),
(18, '2026-03', 31, 108, 59, 188, 140, 488, 16, 49, 44, 133, 43, 122, 20, 61, 18, 56, 29, 77, 50, 160, 14, 35, 19, 59, 15, 50, 16, 55, 34, 96, 21, 65),
(19, '2026-03', 22, 59, 50, 164, 101, 303, 15, 37, 47, 133, 35, 109, 17, 45, 15, 42, 29, 99, 49, 154, 10, 31, 25, 75, 15, 49, 13, 42, 37, 103, 20, 56),
(20, '2026-03', 35, 94, 75, 247, 161, 459, 24, 66, 45, 156, 44, 147, 28, 80, 21, 70, 38, 121, 51, 129, 13, 38, 25, 73, 24, 65, 16, 41, 46, 150, 28, 82),
(21, '2026-03', 26, 77, 65, 174, 152, 491, 19, 62, 44, 148, 44, 151, 27, 71, 21, 62, 35, 105, 41, 140, 13, 40, 21, 62, 15, 45, 17, 47, 40, 112, 26, 73),
(22, '2026-03', 21, 58, 46, 135, 84, 222, 13, 32, 41, 123, 26, 74, 18, 47, 16, 44, 22, 56, 41, 116, 9, 23, 19, 60, 12, 30, 12, 32, 31, 95, 19, 60);

-- 指标数据 (2026-03)
INSERT INTO indicator_info (operator_id, data_month, lte_700M_dl_rate, lte_700M_ul_rate, lte_700M_dl_prb, lte_700M_ul_prb, lte_800M_dl_rate, lte_800M_ul_rate, lte_800M_dl_prb, lte_800M_ul_prb, lte_900M_dl_rate, lte_900M_ul_rate, lte_900M_dl_prb, lte_900M_ul_prb, lte_1400M_dl_rate, lte_1400M_ul_rate, lte_1400M_dl_prb, lte_1400M_ul_prb, lte_1800M_dl_rate, lte_1800M_ul_rate, lte_1800M_dl_prb, lte_1800M_ul_prb, lte_2100M_dl_rate, lte_2100M_ul_rate, lte_2100M_dl_prb, lte_2100M_ul_prb, lte_2600M_dl_rate, lte_2600M_ul_rate, lte_2600M_dl_prb, lte_2600M_ul_prb, nr_700M_dl_rate, nr_700M_ul_rate, nr_700M_dl_prb, nr_700M_ul_prb, nr_800M_dl_rate, nr_800M_ul_rate, nr_800M_dl_prb, nr_800M_ul_prb, nr_900M_dl_rate, nr_900M_ul_rate, nr_900M_dl_prb, nr_900M_ul_prb, nr_1400M_dl_rate, nr_1400M_ul_rate, nr_1400M_dl_prb, nr_1400M_ul_prb, nr_1800M_dl_rate, nr_1800M_ul_rate, nr_1800M_dl_prb, nr_1800M_ul_prb, nr_2100M_dl_rate, nr_2100M_ul_rate, nr_2100M_dl_prb, nr_2100M_ul_prb, nr_2600M_dl_rate, nr_2600M_ul_rate, nr_2600M_dl_prb, nr_2600M_ul_prb, nr_3500M_dl_rate, nr_3500M_ul_rate, nr_3500M_dl_prb, nr_3500M_ul_prb, nr_4900M_dl_rate, nr_4900M_ul_rate, nr_4900M_dl_prb, nr_4900M_ul_prb, lte_avg_dl_rate, lte_avg_prb, nr_avg_dl_rate, nr_avg_prb, split_ratio, dwell_ratio, terminal_penetration, duration_dwell_ratio, fallback_ratio) VALUES
(1, '2026-03', 76.98, 13.95, 50.44, 52.59, 80.25, 16.32, 54.34, 57.12, 67.94, 11.09, 50.32, 54.54, 68.1, 13.32, 47.11, 49.09, 67.92, 11.76, 35.59, 38.16, 77.02, 18.58, 39.8, 41.39, 79.91, 18.29, 52.06, 51.57, 160.59, 31.72, 48.79, 48.41, 209.78, 47.58, 55.11, 51.0, 186.03, 43.11, 59.92, 57.83, 377.31, 86.5, 53.32, 52.26, 294.7, 62.5, 53.7, 58.79, 284.34, 52.34, 60.35, 61.45, 424.51, 82.16, 59.68, 60.21, 232.65, 50.31, 41.95, 45.56, 350.97, 69.72, 54.8, 54.39, 74.02, 47.09, 280.1, 54.18, 57.75, 90.55, 34.69, 88.9, 5.9),
(2, '2026-03', 47.57, 11.01, 43.5, 42.45, 63.76, 13.77, 31.58, 33.58, 80.26, 19.29, 41.13, 37.02, 49.16, 8.11, 39.3, 38.44, 67.27, 11.41, 41.93, 40.39, 66.95, 16.16, 35.33, 38.46, 61.26, 15.21, 36.02, 33.06, 166.99, 41.52, 47.07, 43.56, 237.08, 44.32, 49.61, 45.18, 337.32, 78.28, 46.29, 49.63, 377.09, 65.43, 52.29, 51.18, 242.94, 45.74, 46.68, 47.1, 327.31, 64.64, 43.29, 42.29, 391.5, 91.61, 42.7, 46.95, 329.17, 53.8, 41.26, 37.26, 341.73, 67.89, 47.64, 52.31, 62.32, 38.4, 305.68, 46.31, 34.23, 86.06, 47.87, 76.4, 15.26),
(3, '2026-03', 69.7, 13.42, 33.37, 33.43, 67.34, 13.13, 36.66, 34.36, 69.71, 14.49, 45.88, 43.46, 65.08, 12.44, 40.24, 39.17, 86.52, 17.89, 43.22, 39.88, 64.17, 14.06, 32.66, 34.17, 86.76, 21.55, 44.6, 44.29, 183.04, 43.75, 41.66, 41.43, 357.19, 87.88, 41.46, 42.57, 372.0, 67.42, 40.99, 39.71, 366.86, 72.23, 49.61, 49.3, 355.13, 68.22, 58.01, 61.47, 238.42, 36.61, 57.3, 60.16, 353.33, 72.92, 41.15, 40.93, 206.88, 32.1, 58.57, 62.19, 326.38, 58.32, 41.55, 41.6, 72.75, 39.52, 306.58, 47.81, 72.57, 76.95, 32.29, 72.02, 16.15),
(4, '2026-03', 42.22, 6.8, 33.71, 34.33, 49.21, 9.58, 47.17, 44.92, 77.24, 15.33, 46.99, 50.39, 58.99, 9.35, 33.08, 35.95, 49.36, 9.85, 51.11, 53.87, 53.64, 10.41, 43.55, 41.03, 78.95, 14.57, 43.65, 45.88, 192.01, 32.02, 48.47, 46.54, 379.48, 85.48, 51.32, 50.09, 367.42, 72.55, 43.08, 46.27, 161.03, 39.09, 49.54, 51.31, 443.62, 96.84, 40.87, 44.28, 347.13, 85.26, 49.18, 53.29, 412.86, 75.76, 45.68, 42.01, 352.17, 66.6, 56.43, 59.24, 375.96, 78.53, 44.14, 42.7, 58.52, 42.75, 336.85, 47.63, 64.51, 74.5, 55.12, 81.82, 15.81),
(5, '2026-03', 42.57, 6.8, 32.08, 31.73, 52.53, 9.37, 33.86, 30.63, 46.41, 11.32, 43.13, 46.02, 87.62, 18.73, 44.16, 40.8, 83.11, 13.55, 43.13, 46.58, 69.17, 17.07, 47.92, 49.8, 54.16, 10.65, 48.72, 50.07, 418.35, 74.32, 48.54, 52.46, 375.57, 68.48, 43.24, 39.56, 377.59, 71.09, 46.65, 42.55, 427.57, 75.45, 48.81, 48.73, 420.0, 88.63, 43.57, 43.5, 200.28, 45.44, 44.37, 45.64, 415.53, 92.06, 42.07, 38.48, 319.98, 56.02, 48.92, 52.8, 201.68, 43.17, 58.66, 60.59, 62.22, 41.86, 350.73, 47.2, 43.32, 87.5, 74.75, 79.37, 11.7),
(6, '2026-03', 82.48, 16.42, 37.63, 40.22, 75.8, 17.32, 39.45, 35.53, 83.07, 19.26, 38.44, 38.96, 82.27, 15.29, 41.93, 41.1, 69.56, 17.1, 31.59, 31.81, 83.36, 13.17, 38.04, 40.07, 70.21, 11.77, 30.69, 29.98, 211.8, 46.51, 55.69, 57.14, 253.02, 40.1, 51.07, 53.47, 199.29, 33.74, 52.6, 53.58, 284.86, 44.52, 49.46, 47.56, 295.82, 69.05, 47.86, 52.61, 174.08, 27.09, 53.79, 48.87, 193.96, 44.75, 51.68, 51.25, 331.13, 78.62, 42.61, 43.29, 391.58, 60.18, 42.48, 43.79, 78.11, 36.82, 259.5, 49.69, 53.56, 92.95, 27.52, 82.53, 6.7),
(7, '2026-03', 50.22, 7.78, 34.99, 37.05, 61.29, 10.24, 39.6, 42.12, 47.65, 9.52, 42.99, 40.59, 74.87, 14.42, 43.19, 47.36, 69.96, 12.76, 45.86, 46.56, 48.86, 11.42, 42.89, 45.16, 66.63, 12.23, 31.96, 29.67, 261.95, 57.53, 48.99, 48.39, 378.09, 58.25, 41.62, 44.51, 306.83, 69.89, 40.25, 40.15, 168.94, 28.37, 41.45, 42.71, 369.27, 70.76, 53.12, 56.02, 325.01, 55.45, 50.4, 50.63, 261.24, 63.69, 49.92, 45.3, 208.45, 41.69, 55.44, 56.85, 345.54, 63.85, 40.07, 37.95, 59.93, 40.21, 291.7, 46.81, 35.88, 83.25, 30.26, 74.05, 14.89),
(8, '2026-03', 61.19, 10.52, 39.63, 40.89, 53.29, 9.03, 39.96, 41.44, 74.06, 14.62, 32.2, 33.3, 46.29, 9.93, 33.56, 33.12, 55.03, 12.69, 39.48, 35.87, 67.21, 16.3, 32.2, 34.04, 59.55, 9.62, 41.19, 43.01, 278.72, 50.89, 42.48, 43.98, 231.99, 52.87, 44.08, 40.54, 304.11, 72.07, 44.69, 42.19, 257.42, 51.08, 51.13, 47.5, 337.38, 65.96, 44.84, 41.58, 300.97, 64.17, 52.19, 49.08, 197.26, 43.24, 40.75, 37.79, 324.04, 63.47, 42.14, 40.82, 330.12, 69.45, 49.87, 51.25, 59.52, 36.89, 284.67, 45.8, 60.58, 74.25, 78.36, 86.38, 6.12),
(9, '2026-03', 87.28, 17.36, 52.4, 53.36, 86.2, 15.34, 46.43, 48.62, 54.32, 9.93, 43.04, 46.41, 72.96, 12.03, 42.91, 38.66, 93.93, 14.47, 40.59, 42.77, 42.82, 8.7, 40.78, 43.21, 85.35, 16.66, 35.41, 35.82, 158.91, 35.47, 61.37, 56.86, 248.17, 53.3, 42.04, 41.87, 251.02, 55.31, 59.3, 62.23, 162.69, 31.8, 57.37, 61.66, 282.69, 64.73, 48.33, 47.98, 354.52, 83.68, 41.59, 44.86, 259.87, 39.83, 49.58, 47.3, 453.02, 92.53, 57.88, 61.21, 180.5, 42.97, 56.55, 51.51, 74.69, 43.08, 261.27, 52.67, 77.27, 86.87, 73.84, 67.77, 9.75),
(10, '2026-03', 70.36, 13.13, 33.29, 33.68, 45.52, 10.06, 33.84, 37.1, 53.24, 8.59, 38.97, 42.39, 68.61, 16.87, 33.93, 35.59, 52.64, 9.75, 35.01, 36.27, 54.97, 8.59, 36.47, 36.37, 66.2, 10.74, 43.31, 44.85, 302.37, 54.19, 51.64, 54.74, 410.66, 94.81, 57.64, 52.63, 396.62, 77.65, 41.5, 44.8, 238.2, 58.52, 42.05, 40.17, 345.48, 68.97, 56.41, 56.64, 327.16, 58.67, 58.18, 58.66, 197.16, 36.41, 48.32, 49.72, 239.02, 37.36, 56.35, 53.33, 411.21, 88.19, 47.72, 46.22, 58.79, 36.4, 318.65, 51.09, 62.3, 78.16, 57.63, 82.42, 15.94),
(11, '2026-03', 64.21, 11.58, 32.8, 34.7, 50.26, 8.85, 40.29, 44.08, 80.76, 12.5, 37.5, 37.17, 49.98, 12.12, 45.13, 43.19, 91.13, 21.32, 44.72, 46.21, 49.33, 8.57, 30.87, 29.74, 47.95, 8.44, 33.92, 34.34, 167.82, 30.49, 47.31, 46.11, 318.11, 52.89, 46.41, 50.31, 277.86, 55.56, 43.09, 42.73, 252.76, 38.02, 55.69, 60.99, 256.06, 56.47, 50.07, 47.97, 438.34, 108.74, 52.19, 48.51, 325.66, 78.38, 49.39, 51.26, 375.16, 90.04, 42.96, 43.4, 249.15, 47.38, 57.87, 57.24, 61.95, 37.89, 295.66, 49.44, 34.62, 71.38, 60.27, 79.59, 7.89),
(12, '2026-03', 82.3, 14.63, 30.39, 30.62, 61.71, 13.4, 31.53, 31.6, 51.17, 9.3, 40.59, 44.19, 81.15, 15.1, 32.59, 34.9, 58.52, 10.96, 34.98, 33.94, 84.06, 19.96, 31.53, 32.97, 61.66, 15.37, 44.06, 42.2, 362.39, 89.52, 47.42, 51.18, 199.19, 41.57, 41.51, 39.08, 281.28, 66.59, 57.27, 52.3, 400.22, 90.29, 41.55, 40.8, 389.03, 74.48, 49.73, 51.82, 350.03, 57.3, 43.26, 42.24, 300.7, 46.37, 54.46, 58.1, 239.46, 49.31, 48.11, 43.56, 165.6, 29.19, 56.73, 60.52, 68.65, 35.1, 298.66, 48.89, 53.63, 86.35, 74.1, 75.43, 11.39),
(13, '2026-03', 68.76, 12.0, 31.79, 30.37, 79.8, 12.5, 41.18, 41.85, 64.36, 15.24, 39.42, 39.23, 68.99, 11.17, 37.69, 38.26, 74.43, 12.38, 30.88, 29.77, 75.62, 12.37, 32.45, 30.97, 59.1, 14.26, 35.34, 33.85, 281.22, 68.51, 47.71, 50.25, 208.48, 33.24, 51.29, 51.74, 353.21, 82.19, 50.27, 48.27, 313.94, 68.7, 41.44, 42.1, 342.9, 51.88, 47.77, 46.56, 271.83, 50.03, 53.66, 49.39, 202.46, 34.85, 42.83, 46.23, 298.82, 69.67, 47.88, 48.19, 285.73, 64.47, 41.71, 41.38, 70.15, 35.54, 284.29, 47.17, 33.82, 90.47, 75.79, 76.99, 9.05),
(14, '2026-03', 57.64, 13.36, 44.46, 45.33, 73.28, 13.5, 41.54, 37.62, 75.27, 12.96, 43.92, 40.78, 52.34, 8.51, 32.12, 29.41, 70.44, 16.09, 31.26, 32.98, 73.04, 11.27, 31.75, 33.61, 63.53, 9.91, 31.93, 30.35, 182.57, 39.57, 52.26, 55.21, 376.82, 64.26, 54.64, 51.2, 247.47, 39.37, 53.75, 58.5, 383.35, 70.84, 42.61, 42.62, 333.25, 58.05, 49.27, 45.32, 299.03, 45.27, 43.53, 40.84, 231.62, 55.63, 48.73, 53.35, 189.95, 32.56, 48.19, 50.19, 250.87, 52.42, 47.14, 51.46, 66.51, 36.71, 277.21, 48.9, 39.04, 78.87, 45.88, 70.36, 7.96),
(15, '2026-03', 46.93, 11.66, 32.94, 30.37, 48.25, 10.92, 46.74, 47.27, 42.81, 7.83, 32.75, 31.33, 74.72, 13.54, 53.18, 52.58, 72.07, 12.9, 50.31, 47.18, 44.47, 10.41, 41.3, 42.78, 50.72, 12.67, 41.68, 38.39, 298.15, 64.36, 42.02, 39.02, 285.71, 59.73, 42.42, 46.03, 477.64, 74.74, 63.16, 61.12, 350.32, 87.25, 42.92, 45.82, 393.63, 70.01, 56.95, 57.88, 243.26, 55.69, 55.29, 54.19, 310.71, 65.35, 49.61, 49.46, 245.23, 55.62, 42.57, 40.45, 317.84, 67.65, 43.2, 39.74, 54.28, 42.7, 324.72, 48.68, 32.64, 71.71, 62.3, 89.3, 9.97),
(16, '2026-03', 77.68, 12.84, 43.99, 40.44, 45.13, 10.16, 47.27, 50.04, 51.9, 11.22, 41.03, 39.07, 59.56, 14.05, 42.3, 46.13, 42.71, 8.24, 50.59, 49.41, 57.99, 10.88, 40.34, 36.57, 71.06, 16.77, 36.82, 38.34, 309.82, 50.64, 56.1, 55.96, 189.46, 41.21, 54.85, 56.88, 335.25, 66.24, 59.22, 59.3, 278.29, 55.51, 61.84, 63.29, 266.12, 65.94, 47.21, 42.75, 169.21, 39.54, 47.85, 50.17, 163.47, 39.09, 47.68, 43.84, 263.72, 48.98, 47.9, 49.44, 233.0, 50.05, 53.33, 57.71, 58.0, 43.19, 245.37, 52.89, 33.28, 77.62, 43.57, 65.49, 9.24),
(17, '2026-03', 65.01, 15.36, 42.07, 45.45, 55.1, 12.1, 42.49, 46.62, 60.76, 11.49, 42.17, 44.77, 46.6, 10.14, 37.14, 37.16, 80.51, 14.81, 43.07, 41.89, 63.74, 12.73, 48.01, 50.77, 84.36, 17.17, 36.11, 32.84, 453.88, 86.33, 44.8, 46.98, 184.86, 43.33, 42.01, 40.64, 177.51, 40.85, 50.1, 47.19, 394.21, 84.82, 46.41, 49.23, 286.29, 58.4, 44.25, 43.39, 343.43, 67.08, 56.22, 52.63, 163.03, 35.92, 58.33, 59.23, 220.85, 54.38, 55.77, 55.41, 436.31, 88.69, 53.06, 55.92, 65.15, 41.58, 295.6, 50.11, 51.69, 84.15, 59.47, 78.06, 9.74),
(18, '2026-03', 49.32, 8.14, 40.28, 38.67, 59.67, 10.85, 42.45, 38.75, 51.33, 9.82, 42.36, 43.6, 53.23, 11.18, 36.09, 33.3, 50.91, 8.89, 42.41, 42.11, 64.15, 12.42, 39.7, 36.02, 49.74, 8.14, 33.88, 35.94, 308.32, 51.67, 52.79, 57.69, 272.03, 41.35, 52.89, 48.49, 296.34, 70.15, 53.51, 52.51, 246.32, 53.14, 41.35, 45.01, 322.09, 52.84, 41.68, 43.63, 365.92, 73.99, 52.43, 57.15, 365.63, 64.05, 53.27, 50.48, 195.68, 45.14, 44.94, 45.7, 251.89, 56.63, 43.54, 42.87, 54.05, 39.6, 291.58, 48.49, 37.21, 74.38, 78.35, 75.99, 8.31),
(19, '2026-03', 63.95, 12.73, 35.15, 38.3, 54.94, 10.57, 39.39, 43.04, 73.52, 17.92, 34.99, 36.5, 71.61, 10.89, 43.29, 44.21, 72.27, 15.63, 42.94, 44.58, 70.53, 12.27, 37.6, 36.17, 76.13, 14.18, 41.17, 38.06, 339.39, 80.02, 45.34, 49.06, 248.15, 61.49, 43.51, 39.94, 330.87, 57.42, 42.89, 46.24, 348.81, 74.34, 52.09, 54.87, 250.71, 38.46, 51.91, 55.27, 353.55, 69.69, 45.68, 48.8, 310.6, 73.82, 51.28, 54.61, 306.96, 61.59, 44.84, 45.76, 329.08, 73.64, 46.23, 41.86, 68.99, 39.22, 313.12, 47.09, 32.6, 86.04, 59.66, 84.78, 6.77),
(20, '2026-03', 59.83, 12.73, 35.49, 32.52, 49.63, 10.01, 46.97, 50.08, 75.05, 17.61, 42.0, 44.46, 56.41, 11.16, 42.87, 40.82, 71.87, 16.72, 43.99, 41.34, 60.41, 10.16, 45.34, 49.37, 80.14, 13.82, 46.59, 50.53, 323.54, 68.8, 55.87, 61.17, 213.58, 47.01, 42.95, 42.1, 270.08, 47.54, 41.56, 40.46, 397.07, 64.22, 52.58, 51.9, 390.4, 76.27, 51.79, 47.84, 339.82, 57.45, 55.08, 58.19, 235.55, 46.97, 42.28, 45.29, 312.02, 77.86, 44.95, 46.54, 267.49, 51.05, 42.55, 40.76, 64.76, 43.32, 305.51, 47.73, 43.09, 85.44, 74.9, 74.24, 13.9),
(21, '2026-03', 61.37, 9.27, 32.16, 31.02, 70.53, 15.42, 41.59, 43.32, 72.21, 12.68, 31.55, 28.77, 56.48, 9.8, 44.76, 49.21, 80.13, 19.77, 39.72, 41.69, 45.27, 7.94, 40.07, 38.49, 58.89, 11.02, 45.73, 46.27, 299.56, 52.73, 48.19, 52.34, 367.22, 59.93, 45.16, 45.43, 199.76, 32.3, 40.72, 37.69, 365.81, 85.41, 52.15, 56.6, 231.87, 55.11, 49.96, 52.57, 227.5, 41.25, 54.51, 52.5, 393.76, 89.13, 42.46, 45.46, 317.06, 72.87, 40.86, 37.99, 219.79, 33.76, 44.23, 46.05, 63.55, 39.37, 291.37, 46.47, 51.82, 94.88, 76.0, 66.02, 9.63),
(22, '2026-03', 66.27, 13.16, 36.16, 38.66, 71.01, 11.53, 31.17, 33.47, 50.42, 8.41, 36.36, 34.71, 71.73, 14.96, 37.29, 40.81, 60.78, 12.59, 35.21, 32.23, 68.05, 14.81, 41.09, 37.19, 65.44, 14.27, 34.93, 35.56, 341.46, 79.8, 41.92, 38.41, 320.37, 69.19, 45.68, 49.84, 278.99, 42.01, 52.12, 53.75, 341.41, 62.3, 49.14, 51.44, 342.55, 70.88, 42.64, 38.79, 287.64, 52.44, 40.69, 37.2, 341.58, 64.26, 44.99, 42.09, 343.88, 81.35, 41.11, 44.01, 203.51, 46.39, 43.56, 45.76, 64.81, 36.03, 311.27, 44.65, 62.7, 73.02, 52.0, 75.81, 15.48);

